--
-- PostgreSQL database dump
--

-- Dumped from database version 14.17 (Homebrew)
-- Dumped by pg_dump version 14.17 (Homebrew)

SET statement_timeout = 0;
SET lock_timeout = 0;
SET idle_in_transaction_session_timeout = 0;
SET client_encoding = 'UTF8';
SET standard_conforming_strings = on;
SELECT pg_catalog.set_config('search_path', '', false);
SET check_function_bodies = false;
SET xmloption = content;
SET client_min_messages = warning;
SET row_security = off;

SET default_tablespace = '';

SET default_table_access_method = heap;

--
-- Name: accounts_userprofile; Type: TABLE; Schema: public; Owner: denimora
--

CREATE TABLE public.accounts_userprofile (
    id bigint NOT NULL,
    address character varying(250) NOT NULL,
    city character varying(100) NOT NULL,
    postal_code character varying(20) NOT NULL,
    phone character varying(20) NOT NULL,
    user_id integer NOT NULL
);


ALTER TABLE public.accounts_userprofile OWNER TO denimora;

--
-- Name: accounts_userprofile_id_seq; Type: SEQUENCE; Schema: public; Owner: denimora
--

ALTER TABLE public.accounts_userprofile ALTER COLUMN id ADD GENERATED BY DEFAULT AS IDENTITY (
    SEQUENCE NAME public.accounts_userprofile_id_seq
    START WITH 1
    INCREMENT BY 1
    NO MINVALUE
    NO MAXVALUE
    CACHE 1
);


--
-- Name: auth_group; Type: TABLE; Schema: public; Owner: denimora
--

CREATE TABLE public.auth_group (
    id integer NOT NULL,
    name character varying(150) NOT NULL
);


ALTER TABLE public.auth_group OWNER TO denimora;

--
-- Name: auth_group_id_seq; Type: SEQUENCE; Schema: public; Owner: denimora
--

ALTER TABLE public.auth_group ALTER COLUMN id ADD GENERATED BY DEFAULT AS IDENTITY (
    SEQUENCE NAME public.auth_group_id_seq
    START WITH 1
    INCREMENT BY 1
    NO MINVALUE
    NO MAXVALUE
    CACHE 1
);


--
-- Name: auth_group_permissions; Type: TABLE; Schema: public; Owner: denimora
--

CREATE TABLE public.auth_group_permissions (
    id bigint NOT NULL,
    group_id integer NOT NULL,
    permission_id integer NOT NULL
);


ALTER TABLE public.auth_group_permissions OWNER TO denimora;

--
-- Name: auth_group_permissions_id_seq; Type: SEQUENCE; Schema: public; Owner: denimora
--

ALTER TABLE public.auth_group_permissions ALTER COLUMN id ADD GENERATED BY DEFAULT AS IDENTITY (
    SEQUENCE NAME public.auth_group_permissions_id_seq
    START WITH 1
    INCREMENT BY 1
    NO MINVALUE
    NO MAXVALUE
    CACHE 1
);


--
-- Name: auth_permission; Type: TABLE; Schema: public; Owner: denimora
--

CREATE TABLE public.auth_permission (
    id integer NOT NULL,
    name character varying(255) NOT NULL,
    content_type_id integer NOT NULL,
    codename character varying(100) NOT NULL
);


ALTER TABLE public.auth_permission OWNER TO denimora;

--
-- Name: auth_permission_id_seq; Type: SEQUENCE; Schema: public; Owner: denimora
--

ALTER TABLE public.auth_permission ALTER COLUMN id ADD GENERATED BY DEFAULT AS IDENTITY (
    SEQUENCE NAME public.auth_permission_id_seq
    START WITH 1
    INCREMENT BY 1
    NO MINVALUE
    NO MAXVALUE
    CACHE 1
);


--
-- Name: auth_user; Type: TABLE; Schema: public; Owner: denimora
--

CREATE TABLE public.auth_user (
    id integer NOT NULL,
    password character varying(128) NOT NULL,
    last_login timestamp with time zone,
    is_superuser boolean NOT NULL,
    username character varying(150) NOT NULL,
    first_name character varying(150) NOT NULL,
    last_name character varying(150) NOT NULL,
    email character varying(254) NOT NULL,
    is_staff boolean NOT NULL,
    is_active boolean NOT NULL,
    date_joined timestamp with time zone NOT NULL
);


ALTER TABLE public.auth_user OWNER TO denimora;

--
-- Name: auth_user_groups; Type: TABLE; Schema: public; Owner: denimora
--

CREATE TABLE public.auth_user_groups (
    id bigint NOT NULL,
    user_id integer NOT NULL,
    group_id integer NOT NULL
);


ALTER TABLE public.auth_user_groups OWNER TO denimora;

--
-- Name: auth_user_groups_id_seq; Type: SEQUENCE; Schema: public; Owner: denimora
--

ALTER TABLE public.auth_user_groups ALTER COLUMN id ADD GENERATED BY DEFAULT AS IDENTITY (
    SEQUENCE NAME public.auth_user_groups_id_seq
    START WITH 1
    INCREMENT BY 1
    NO MINVALUE
    NO MAXVALUE
    CACHE 1
);


--
-- Name: auth_user_id_seq; Type: SEQUENCE; Schema: public; Owner: denimora
--

ALTER TABLE public.auth_user ALTER COLUMN id ADD GENERATED BY DEFAULT AS IDENTITY (
    SEQUENCE NAME public.auth_user_id_seq
    START WITH 1
    INCREMENT BY 1
    NO MINVALUE
    NO MAXVALUE
    CACHE 1
);


--
-- Name: auth_user_user_permissions; Type: TABLE; Schema: public; Owner: denimora
--

CREATE TABLE public.auth_user_user_permissions (
    id bigint NOT NULL,
    user_id integer NOT NULL,
    permission_id integer NOT NULL
);


ALTER TABLE public.auth_user_user_permissions OWNER TO denimora;

--
-- Name: auth_user_user_permissions_id_seq; Type: SEQUENCE; Schema: public; Owner: denimora
--

ALTER TABLE public.auth_user_user_permissions ALTER COLUMN id ADD GENERATED BY DEFAULT AS IDENTITY (
    SEQUENCE NAME public.auth_user_user_permissions_id_seq
    START WITH 1
    INCREMENT BY 1
    NO MINVALUE
    NO MAXVALUE
    CACHE 1
);


--
-- Name: cart_cartreservation; Type: TABLE; Schema: public; Owner: denimora
--

CREATE TABLE public.cart_cartreservation (
    id bigint NOT NULL,
    session_id character varying(255) NOT NULL,
    quantity integer NOT NULL,
    created_at timestamp with time zone NOT NULL,
    expires_at timestamp with time zone NOT NULL,
    is_active boolean NOT NULL,
    product_id bigint NOT NULL,
    size_id bigint,
    user_id integer,
    CONSTRAINT cart_cartreservation_quantity_check CHECK ((quantity >= 0))
);


ALTER TABLE public.cart_cartreservation OWNER TO denimora;

--
-- Name: cart_cartreservation_id_seq; Type: SEQUENCE; Schema: public; Owner: denimora
--

ALTER TABLE public.cart_cartreservation ALTER COLUMN id ADD GENERATED BY DEFAULT AS IDENTITY (
    SEQUENCE NAME public.cart_cartreservation_id_seq
    START WITH 1
    INCREMENT BY 1
    NO MINVALUE
    NO MAXVALUE
    CACHE 1
);


--
-- Name: communications_contactmessage; Type: TABLE; Schema: public; Owner: denimora
--

CREATE TABLE public.communications_contactmessage (
    id bigint NOT NULL,
    name character varying(100) NOT NULL,
    email character varying(254) NOT NULL,
    message text NOT NULL,
    status character varying(20) NOT NULL,
    submitted_at timestamp with time zone NOT NULL,
    updated_at timestamp with time zone NOT NULL,
    admin_notes text NOT NULL,
    user_id integer
);


ALTER TABLE public.communications_contactmessage OWNER TO denimora;

--
-- Name: communications_contactmessage_id_seq; Type: SEQUENCE; Schema: public; Owner: denimora
--

ALTER TABLE public.communications_contactmessage ALTER COLUMN id ADD GENERATED BY DEFAULT AS IDENTITY (
    SEQUENCE NAME public.communications_contactmessage_id_seq
    START WITH 1
    INCREMENT BY 1
    NO MINVALUE
    NO MAXVALUE
    CACHE 1
);


--
-- Name: communications_emaillist; Type: TABLE; Schema: public; Owner: denimora
--

CREATE TABLE public.communications_emaillist (
    id bigint NOT NULL,
    email character varying(254) NOT NULL,
    name character varying(100) NOT NULL,
    sources jsonb NOT NULL,
    subscription_count integer NOT NULL,
    message_count integer NOT NULL,
    order_count integer NOT NULL,
    is_active boolean NOT NULL,
    first_seen timestamp with time zone NOT NULL,
    last_activity timestamp with time zone NOT NULL,
    user_id integer,
    CONSTRAINT communications_emaillist_message_count_check CHECK ((message_count >= 0)),
    CONSTRAINT communications_emaillist_order_count_check CHECK ((order_count >= 0)),
    CONSTRAINT communications_emaillist_subscription_count_check CHECK ((subscription_count >= 0))
);


ALTER TABLE public.communications_emaillist OWNER TO denimora;

--
-- Name: communications_emaillist_id_seq; Type: SEQUENCE; Schema: public; Owner: denimora
--

ALTER TABLE public.communications_emaillist ALTER COLUMN id ADD GENERATED BY DEFAULT AS IDENTITY (
    SEQUENCE NAME public.communications_emaillist_id_seq
    START WITH 1
    INCREMENT BY 1
    NO MINVALUE
    NO MAXVALUE
    CACHE 1
);


--
-- Name: communications_emailsubscription; Type: TABLE; Schema: public; Owner: denimora
--

CREATE TABLE public.communications_emailsubscription (
    id bigint NOT NULL,
    email character varying(254) NOT NULL,
    source character varying(50) NOT NULL,
    is_active boolean NOT NULL,
    subscribed_at timestamp with time zone NOT NULL,
    unsubscribed_at timestamp with time zone,
    user_id integer
);


ALTER TABLE public.communications_emailsubscription OWNER TO denimora;

--
-- Name: communications_emailsubscription_id_seq; Type: SEQUENCE; Schema: public; Owner: denimora
--

ALTER TABLE public.communications_emailsubscription ALTER COLUMN id ADD GENERATED BY DEFAULT AS IDENTITY (
    SEQUENCE NAME public.communications_emailsubscription_id_seq
    START WITH 1
    INCREMENT BY 1
    NO MINVALUE
    NO MAXVALUE
    CACHE 1
);


--
-- Name: django_admin_log; Type: TABLE; Schema: public; Owner: denimora
--

CREATE TABLE public.django_admin_log (
    id integer NOT NULL,
    action_time timestamp with time zone NOT NULL,
    object_id text,
    object_repr character varying(200) NOT NULL,
    action_flag smallint NOT NULL,
    change_message text NOT NULL,
    content_type_id integer,
    user_id integer NOT NULL,
    CONSTRAINT django_admin_log_action_flag_check CHECK ((action_flag >= 0))
);


ALTER TABLE public.django_admin_log OWNER TO denimora;

--
-- Name: django_admin_log_id_seq; Type: SEQUENCE; Schema: public; Owner: denimora
--

ALTER TABLE public.django_admin_log ALTER COLUMN id ADD GENERATED BY DEFAULT AS IDENTITY (
    SEQUENCE NAME public.django_admin_log_id_seq
    START WITH 1
    INCREMENT BY 1
    NO MINVALUE
    NO MAXVALUE
    CACHE 1
);


--
-- Name: django_content_type; Type: TABLE; Schema: public; Owner: denimora
--

CREATE TABLE public.django_content_type (
    id integer NOT NULL,
    app_label character varying(100) NOT NULL,
    model character varying(100) NOT NULL
);


ALTER TABLE public.django_content_type OWNER TO denimora;

--
-- Name: django_content_type_id_seq; Type: SEQUENCE; Schema: public; Owner: denimora
--

ALTER TABLE public.django_content_type ALTER COLUMN id ADD GENERATED BY DEFAULT AS IDENTITY (
    SEQUENCE NAME public.django_content_type_id_seq
    START WITH 1
    INCREMENT BY 1
    NO MINVALUE
    NO MAXVALUE
    CACHE 1
);


--
-- Name: django_migrations; Type: TABLE; Schema: public; Owner: denimora
--

CREATE TABLE public.django_migrations (
    id bigint NOT NULL,
    app character varying(255) NOT NULL,
    name character varying(255) NOT NULL,
    applied timestamp with time zone NOT NULL
);


ALTER TABLE public.django_migrations OWNER TO denimora;

--
-- Name: django_migrations_id_seq; Type: SEQUENCE; Schema: public; Owner: denimora
--

ALTER TABLE public.django_migrations ALTER COLUMN id ADD GENERATED BY DEFAULT AS IDENTITY (
    SEQUENCE NAME public.django_migrations_id_seq
    START WITH 1
    INCREMENT BY 1
    NO MINVALUE
    NO MAXVALUE
    CACHE 1
);


--
-- Name: django_session; Type: TABLE; Schema: public; Owner: denimora
--

CREATE TABLE public.django_session (
    session_key character varying(40) NOT NULL,
    session_data text NOT NULL,
    expire_date timestamp with time zone NOT NULL
);


ALTER TABLE public.django_session OWNER TO denimora;

--
-- Name: orders_governorateshipping; Type: TABLE; Schema: public; Owner: denimora
--

CREATE TABLE public.orders_governorateshipping (
    id bigint NOT NULL,
    name character varying(50) NOT NULL,
    shipping_cost numeric(10,2) NOT NULL,
    is_active boolean NOT NULL,
    created timestamp with time zone NOT NULL,
    updated timestamp with time zone NOT NULL
);


ALTER TABLE public.orders_governorateshipping OWNER TO denimora;

--
-- Name: orders_governorateshipping_id_seq; Type: SEQUENCE; Schema: public; Owner: denimora
--

ALTER TABLE public.orders_governorateshipping ALTER COLUMN id ADD GENERATED BY DEFAULT AS IDENTITY (
    SEQUENCE NAME public.orders_governorateshipping_id_seq
    START WITH 1
    INCREMENT BY 1
    NO MINVALUE
    NO MAXVALUE
    CACHE 1
);


--
-- Name: orders_order; Type: TABLE; Schema: public; Owner: denimora
--

CREATE TABLE public.orders_order (
    id bigint NOT NULL,
    first_name character varying(50) NOT NULL,
    last_name character varying(50) NOT NULL,
    email character varying(254) NOT NULL,
    address character varying(250) NOT NULL,
    city character varying(100) NOT NULL,
    postal_code character varying(20) NOT NULL,
    phone character varying(20) NOT NULL,
    created timestamp with time zone NOT NULL,
    updated timestamp with time zone NOT NULL,
    status character varying(10) NOT NULL,
    paid boolean NOT NULL,
    user_id integer,
    governorate character varying(50)
);


ALTER TABLE public.orders_order OWNER TO denimora;

--
-- Name: orders_order_id_seq; Type: SEQUENCE; Schema: public; Owner: denimora
--

ALTER TABLE public.orders_order ALTER COLUMN id ADD GENERATED BY DEFAULT AS IDENTITY (
    SEQUENCE NAME public.orders_order_id_seq
    START WITH 1
    INCREMENT BY 1
    NO MINVALUE
    NO MAXVALUE
    CACHE 1
);


--
-- Name: orders_orderitem; Type: TABLE; Schema: public; Owner: denimora
--

CREATE TABLE public.orders_orderitem (
    id bigint NOT NULL,
    price numeric(10,2) NOT NULL,
    quantity integer NOT NULL,
    order_id bigint NOT NULL,
    product_id bigint,
    size_id integer,
    size_name character varying(20),
    CONSTRAINT orders_orderitem_quantity_check CHECK ((quantity >= 0)),
    CONSTRAINT orders_orderitem_size_id_check CHECK ((size_id >= 0))
);


ALTER TABLE public.orders_orderitem OWNER TO denimora;

--
-- Name: orders_orderitem_id_seq; Type: SEQUENCE; Schema: public; Owner: denimora
--

ALTER TABLE public.orders_orderitem ALTER COLUMN id ADD GENERATED BY DEFAULT AS IDENTITY (
    SEQUENCE NAME public.orders_orderitem_id_seq
    START WITH 1
    INCREMENT BY 1
    NO MINVALUE
    NO MAXVALUE
    CACHE 1
);


--
-- Name: products_category; Type: TABLE; Schema: public; Owner: denimora
--

CREATE TABLE public.products_category (
    id bigint NOT NULL,
    name character varying(200) NOT NULL,
    slug character varying(200) NOT NULL
);


ALTER TABLE public.products_category OWNER TO denimora;

--
-- Name: products_category_id_seq; Type: SEQUENCE; Schema: public; Owner: denimora
--

ALTER TABLE public.products_category ALTER COLUMN id ADD GENERATED BY DEFAULT AS IDENTITY (
    SEQUENCE NAME public.products_category_id_seq
    START WITH 1
    INCREMENT BY 1
    NO MINVALUE
    NO MAXVALUE
    CACHE 1
);


--
-- Name: products_product; Type: TABLE; Schema: public; Owner: denimora
--

CREATE TABLE public.products_product (
    id bigint NOT NULL,
    name character varying(200) NOT NULL,
    slug character varying(200) NOT NULL,
    image character varying(100) NOT NULL,
    description text NOT NULL,
    price numeric(10,2) NOT NULL,
    stock integer NOT NULL,
    available boolean NOT NULL,
    created timestamp with time zone NOT NULL,
    updated timestamp with time zone NOT NULL,
    category_id bigint NOT NULL,
    is_featured boolean NOT NULL,
    CONSTRAINT products_product_stock_check CHECK ((stock >= 0))
);


ALTER TABLE public.products_product OWNER TO denimora;

--
-- Name: products_product_id_seq; Type: SEQUENCE; Schema: public; Owner: denimora
--

ALTER TABLE public.products_product ALTER COLUMN id ADD GENERATED BY DEFAULT AS IDENTITY (
    SEQUENCE NAME public.products_product_id_seq
    START WITH 1
    INCREMENT BY 1
    NO MINVALUE
    NO MAXVALUE
    CACHE 1
);


--
-- Name: products_product_sizes; Type: TABLE; Schema: public; Owner: denimora
--

CREATE TABLE public.products_product_sizes (
    id bigint NOT NULL,
    product_id bigint NOT NULL,
    size_id bigint NOT NULL
);


ALTER TABLE public.products_product_sizes OWNER TO denimora;

--
-- Name: products_product_sizes_id_seq; Type: SEQUENCE; Schema: public; Owner: denimora
--

ALTER TABLE public.products_product_sizes ALTER COLUMN id ADD GENERATED BY DEFAULT AS IDENTITY (
    SEQUENCE NAME public.products_product_sizes_id_seq
    START WITH 1
    INCREMENT BY 1
    NO MINVALUE
    NO MAXVALUE
    CACHE 1
);


--
-- Name: products_productimage; Type: TABLE; Schema: public; Owner: denimora
--

CREATE TABLE public.products_productimage (
    id bigint NOT NULL,
    image character varying(100) NOT NULL,
    alt_text character varying(255) NOT NULL,
    product_id bigint NOT NULL
);


ALTER TABLE public.products_productimage OWNER TO denimora;

--
-- Name: products_productimage_id_seq; Type: SEQUENCE; Schema: public; Owner: denimora
--

ALTER TABLE public.products_productimage ALTER COLUMN id ADD GENERATED BY DEFAULT AS IDENTITY (
    SEQUENCE NAME public.products_productimage_id_seq
    START WITH 1
    INCREMENT BY 1
    NO MINVALUE
    NO MAXVALUE
    CACHE 1
);


--
-- Name: products_productsize; Type: TABLE; Schema: public; Owner: denimora
--

CREATE TABLE public.products_productsize (
    id bigint NOT NULL,
    stock integer NOT NULL,
    product_id bigint NOT NULL,
    size_id bigint NOT NULL,
    CONSTRAINT products_productsize_stock_check CHECK ((stock >= 0))
);


ALTER TABLE public.products_productsize OWNER TO denimora;

--
-- Name: products_productsize_id_seq; Type: SEQUENCE; Schema: public; Owner: denimora
--

ALTER TABLE public.products_productsize ALTER COLUMN id ADD GENERATED BY DEFAULT AS IDENTITY (
    SEQUENCE NAME public.products_productsize_id_seq
    START WITH 1
    INCREMENT BY 1
    NO MINVALUE
    NO MAXVALUE
    CACHE 1
);


--
-- Name: products_size; Type: TABLE; Schema: public; Owner: denimora
--

CREATE TABLE public.products_size (
    id bigint NOT NULL,
    name character varying(10) NOT NULL,
    "order" integer NOT NULL,
    CONSTRAINT products_size_order_check CHECK (("order" >= 0))
);


ALTER TABLE public.products_size OWNER TO denimora;

--
-- Name: products_size_id_seq; Type: SEQUENCE; Schema: public; Owner: denimora
--

ALTER TABLE public.products_size ALTER COLUMN id ADD GENERATED BY DEFAULT AS IDENTITY (
    SEQUENCE NAME public.products_size_id_seq
    START WITH 1
    INCREMENT BY 1
    NO MINVALUE
    NO MAXVALUE
    CACHE 1
);


--
-- Data for Name: accounts_userprofile; Type: TABLE DATA; Schema: public; Owner: denimora
--

COPY public.accounts_userprofile (id, address, city, postal_code, phone, user_id) FROM stdin;
1					1
2					2
\.


--
-- Data for Name: auth_group; Type: TABLE DATA; Schema: public; Owner: denimora
--

COPY public.auth_group (id, name) FROM stdin;
\.


--
-- Data for Name: auth_group_permissions; Type: TABLE DATA; Schema: public; Owner: denimora
--

COPY public.auth_group_permissions (id, group_id, permission_id) FROM stdin;
\.


--
-- Data for Name: auth_permission; Type: TABLE DATA; Schema: public; Owner: denimora
--

COPY public.auth_permission (id, name, content_type_id, codename) FROM stdin;
1	Can add log entry	1	add_logentry
2	Can change log entry	1	change_logentry
3	Can delete log entry	1	delete_logentry
4	Can view log entry	1	view_logentry
5	Can add permission	2	add_permission
6	Can change permission	2	change_permission
7	Can delete permission	2	delete_permission
8	Can view permission	2	view_permission
9	Can add group	3	add_group
10	Can change group	3	change_group
11	Can delete group	3	delete_group
12	Can view group	3	view_group
13	Can add user	4	add_user
14	Can change user	4	change_user
15	Can delete user	4	delete_user
16	Can view user	4	view_user
17	Can add content type	5	add_contenttype
18	Can change content type	5	change_contenttype
19	Can delete content type	5	delete_contenttype
20	Can view content type	5	view_contenttype
21	Can add session	6	add_session
22	Can change session	6	change_session
23	Can delete session	6	delete_session
24	Can view session	6	view_session
25	Can add user profile	7	add_userprofile
26	Can change user profile	7	change_userprofile
27	Can delete user profile	7	delete_userprofile
28	Can view user profile	7	view_userprofile
29	Can add category	8	add_category
30	Can change category	8	change_category
31	Can delete category	8	delete_category
32	Can view category	8	view_category
33	Can add product	9	add_product
34	Can change product	9	change_product
35	Can delete product	9	delete_product
36	Can view product	9	view_product
37	Can add size	10	add_size
38	Can change size	10	change_size
39	Can delete size	10	delete_size
40	Can view size	10	view_size
41	Can add product size	11	add_productsize
42	Can change product size	11	change_productsize
43	Can delete product size	11	delete_productsize
44	Can view product size	11	view_productsize
45	Can add product image	12	add_productimage
46	Can change product image	12	change_productimage
47	Can delete product image	12	delete_productimage
48	Can view product image	12	view_productimage
49	Can add cart reservation	13	add_cartreservation
50	Can change cart reservation	13	change_cartreservation
51	Can delete cart reservation	13	delete_cartreservation
52	Can view cart reservation	13	view_cartreservation
53	Can add order	14	add_order
54	Can change order	14	change_order
55	Can delete order	14	delete_order
56	Can view order	14	view_order
57	Can add order item	15	add_orderitem
58	Can change order item	15	change_orderitem
59	Can delete order item	15	delete_orderitem
60	Can view order item	15	view_orderitem
61	Can add Governorate Shipping	16	add_governorateshipping
62	Can change Governorate Shipping	16	change_governorateshipping
63	Can delete Governorate Shipping	16	delete_governorateshipping
64	Can view Governorate Shipping	16	view_governorateshipping
65	Can add Contact Message	17	add_contactmessage
66	Can change Contact Message	17	change_contactmessage
67	Can delete Contact Message	17	delete_contactmessage
68	Can view Contact Message	17	view_contactmessage
69	Can add Email List Entry	18	add_emaillist
70	Can change Email List Entry	18	change_emaillist
71	Can delete Email List Entry	18	delete_emaillist
72	Can view Email List Entry	18	view_emaillist
73	Can add Email Subscription	19	add_emailsubscription
74	Can change Email Subscription	19	change_emailsubscription
75	Can delete Email Subscription	19	delete_emailsubscription
76	Can view Email Subscription	19	view_emailsubscription
\.


--
-- Data for Name: auth_user; Type: TABLE DATA; Schema: public; Owner: denimora
--

COPY public.auth_user (id, password, last_login, is_superuser, username, first_name, last_name, email, is_staff, is_active, date_joined) FROM stdin;
1	pbkdf2_sha256$1000000$Pdc65r96RkjR46AK5pEeMX$e5upDhVXItWCB1kNSKo2KmkO4ObObGciEB4zp52LWQ4=	2025-06-17 17:34:52.741+03	t	admin			admin@m.com	t	t	2025-06-17 17:34:45.63+03
2	pbkdf2_sha256$1000000$OALfah0D3oVsdgjXAiE6Yl$47qoUXISkh7+1sTdG0h7R7Rzvfk+i5qNSPIvXYp2tEg=	\N	t	denimora_admin			admin@denimora.com	t	t	2025-06-17 19:18:30.694058+03
\.


--
-- Data for Name: auth_user_groups; Type: TABLE DATA; Schema: public; Owner: denimora
--

COPY public.auth_user_groups (id, user_id, group_id) FROM stdin;
\.


--
-- Data for Name: auth_user_user_permissions; Type: TABLE DATA; Schema: public; Owner: denimora
--

COPY public.auth_user_user_permissions (id, user_id, permission_id) FROM stdin;
\.


--
-- Data for Name: cart_cartreservation; Type: TABLE DATA; Schema: public; Owner: denimora
--

COPY public.cart_cartreservation (id, session_id, quantity, created_at, expires_at, is_active, product_id, size_id, user_id) FROM stdin;
\.


--
-- Data for Name: communications_contactmessage; Type: TABLE DATA; Schema: public; Owner: denimora
--

COPY public.communications_contactmessage (id, name, email, message, status, submitted_at, updated_at, admin_notes, user_id) FROM stdin;
1	mohamed	mohamedsomarr@gmail.com	test	new	2025-06-17 20:00:19.515448+03	2025-06-17 20:00:19.5159+03		\N
\.


--
-- Data for Name: communications_emaillist; Type: TABLE DATA; Schema: public; Owner: denimora
--

COPY public.communications_emaillist (id, email, name, sources, subscription_count, message_count, order_count, is_active, first_seen, last_activity, user_id) FROM stdin;
1	mohamedsomarr@gmail.com	mohamed	["contact"]	0	1	0	t	2025-06-17 20:00:19.527105+03	2025-06-17 20:00:19.527117+03	\N
\.


--
-- Data for Name: communications_emailsubscription; Type: TABLE DATA; Schema: public; Owner: denimora
--

COPY public.communications_emailsubscription (id, email, source, is_active, subscribed_at, unsubscribed_at, user_id) FROM stdin;
\.


--
-- Data for Name: django_admin_log; Type: TABLE DATA; Schema: public; Owner: denimora
--

COPY public.django_admin_log (id, action_time, object_id, object_repr, action_flag, change_message, content_type_id, user_id) FROM stdin;
\.


--
-- Data for Name: django_content_type; Type: TABLE DATA; Schema: public; Owner: denimora
--

COPY public.django_content_type (id, app_label, model) FROM stdin;
1	admin	logentry
2	auth	permission
3	auth	group
4	auth	user
5	contenttypes	contenttype
6	sessions	session
7	accounts	userprofile
8	products	category
9	products	product
10	products	size
11	products	productsize
12	products	productimage
13	cart	cartreservation
14	orders	order
15	orders	orderitem
16	orders	governorateshipping
17	communications	contactmessage
18	communications	emaillist
19	communications	emailsubscription
\.


--
-- Data for Name: django_migrations; Type: TABLE DATA; Schema: public; Owner: denimora
--

COPY public.django_migrations (id, app, name, applied) FROM stdin;
1	contenttypes	0001_initial	2025-06-17 18:54:26.908011+03
2	auth	0001_initial	2025-06-17 18:54:26.93883+03
3	accounts	0001_initial	2025-06-17 18:54:26.944711+03
4	admin	0001_initial	2025-06-17 18:54:26.952654+03
5	admin	0002_logentry_remove_auto_add	2025-06-17 18:54:26.956167+03
6	admin	0003_logentry_add_action_flag_choices	2025-06-17 18:54:26.959952+03
7	contenttypes	0002_remove_content_type_name	2025-06-17 18:54:26.968237+03
8	auth	0002_alter_permission_name_max_length	2025-06-17 18:54:26.971188+03
9	auth	0003_alter_user_email_max_length	2025-06-17 18:54:26.973894+03
10	auth	0004_alter_user_username_opts	2025-06-17 18:54:26.976875+03
11	auth	0005_alter_user_last_login_null	2025-06-17 18:54:26.984025+03
12	auth	0006_require_contenttypes_0002	2025-06-17 18:54:26.984828+03
13	auth	0007_alter_validators_add_error_messages	2025-06-17 18:54:26.988149+03
14	auth	0008_alter_user_username_max_length	2025-06-17 18:54:26.994063+03
15	auth	0009_alter_user_last_name_max_length	2025-06-17 18:54:26.998463+03
16	auth	0010_alter_group_name_max_length	2025-06-17 18:54:27.003457+03
17	auth	0011_update_proxy_permissions	2025-06-17 18:54:27.007361+03
18	auth	0012_alter_user_first_name_max_length	2025-06-17 18:54:27.014825+03
19	products	0001_initial	2025-06-17 18:54:27.02488+03
20	products	0002_alter_category_name_alter_category_slug_and_more	2025-06-17 18:54:27.040554+03
21	products	0003_size_product_sizes_productsize	2025-06-17 18:54:27.052803+03
22	products	0004_product_is_featured	2025-06-17 18:54:27.057011+03
23	products	0005_rename_is_featured_product_ourbest	2025-06-17 18:54:27.061572+03
24	products	0006_rename_ourbest_product_is_featured	2025-06-17 18:54:27.067413+03
25	products	0007_productimage	2025-06-17 18:54:27.075818+03
26	cart	0001_initial	2025-06-17 18:54:27.090385+03
27	communications	0001_initial	2025-06-17 18:54:27.13365+03
28	orders	0001_initial	2025-06-17 18:54:27.155953+03
29	orders	0002_alter_order_user	2025-06-17 18:54:27.166184+03
30	orders	0003_orderitem_size_id_orderitem_size_name_and_more	2025-06-17 18:54:27.196984+03
31	orders	0004_governorateshipping_order_governorate	2025-06-17 18:54:27.207688+03
32	sessions	0001_initial	2025-06-17 18:54:27.210945+03
\.


--
-- Data for Name: django_session; Type: TABLE DATA; Schema: public; Owner: denimora
--

COPY public.django_session (session_key, session_data, expire_date) FROM stdin;
0sajchop7rmwqui7kg2pzw1aoshy5xrh	eyJjYXJ0Ijp7fX0:1uRXRv:gYocUs6iLEc9hmmw10jzd8zR7lKKGPXtDmCwHsuZ030	2025-07-01 17:38:07.472+03
smor3yjl5vyza1dicc4zjj6lm8gvgku9	eyJjYXJ0Ijp7fX0:1uRZ1S:du33c_HGl5vvQOL6FtbrqRBTtDSJCWxsF7c17GHC8qk	2025-07-01 19:18:54.55812+03
p0k7osa8217au2srr8vv4jq6ukghnm2r	.eJxVjDsOgzAQBe-ydWTZC7bXlOk5g7X-JJBEIBlTIe4ekGho38y8DSKXCt22P8DzWge_Lrn4MUEHCm5b4PjN0wnSh6f3LOI81TIGcSrioovo55R_z8u9HQy8DEetnXLIOhiLkg2xI8oWtUWHNqWWXDSNDC9URMiWmpTpsK1ssjGtNAr2P_X5Obk:1uRZfg:eLNqzmI36jCg4-fBJWqD1DOwjzC8GJY2SJBP4G2k6WY	2025-07-01 20:00:28.266184+03
lmciwixjmf64drgih4gbbenmmdkzb63k	eyJjYXJ0Ijp7fX0:1uRZno:vBzZWPZe6lRdpU2fEw---_AgWuD1gKEjcinPbBFKzFI	2025-07-01 20:08:52.316714+03
\.


--
-- Data for Name: orders_governorateshipping; Type: TABLE DATA; Schema: public; Owner: denimora
--

COPY public.orders_governorateshipping (id, name, shipping_cost, is_active, created, updated) FROM stdin;
\.


--
-- Data for Name: orders_order; Type: TABLE DATA; Schema: public; Owner: denimora
--

COPY public.orders_order (id, first_name, last_name, email, address, city, postal_code, phone, created, updated, status, paid, user_id, governorate) FROM stdin;
\.


--
-- Data for Name: orders_orderitem; Type: TABLE DATA; Schema: public; Owner: denimora
--

COPY public.orders_orderitem (id, price, quantity, order_id, product_id, size_id, size_name) FROM stdin;
\.


--
-- Data for Name: products_category; Type: TABLE DATA; Schema: public; Owner: denimora
--

COPY public.products_category (id, name, slug) FROM stdin;
\.


--
-- Data for Name: products_product; Type: TABLE DATA; Schema: public; Owner: denimora
--

COPY public.products_product (id, name, slug, image, description, price, stock, available, created, updated, category_id, is_featured) FROM stdin;
\.


--
-- Data for Name: products_product_sizes; Type: TABLE DATA; Schema: public; Owner: denimora
--

COPY public.products_product_sizes (id, product_id, size_id) FROM stdin;
\.


--
-- Data for Name: products_productimage; Type: TABLE DATA; Schema: public; Owner: denimora
--

COPY public.products_productimage (id, image, alt_text, product_id) FROM stdin;
\.


--
-- Data for Name: products_productsize; Type: TABLE DATA; Schema: public; Owner: denimora
--

COPY public.products_productsize (id, stock, product_id, size_id) FROM stdin;
\.


--
-- Data for Name: products_size; Type: TABLE DATA; Schema: public; Owner: denimora
--

COPY public.products_size (id, name, "order") FROM stdin;
\.


--
-- Name: accounts_userprofile_id_seq; Type: SEQUENCE SET; Schema: public; Owner: denimora
--

SELECT pg_catalog.setval('public.accounts_userprofile_id_seq', 2, true);


--
-- Name: auth_group_id_seq; Type: SEQUENCE SET; Schema: public; Owner: denimora
--

SELECT pg_catalog.setval('public.auth_group_id_seq', 1, false);


--
-- Name: auth_group_permissions_id_seq; Type: SEQUENCE SET; Schema: public; Owner: denimora
--

SELECT pg_catalog.setval('public.auth_group_permissions_id_seq', 1, false);


--
-- Name: auth_permission_id_seq; Type: SEQUENCE SET; Schema: public; Owner: denimora
--

SELECT pg_catalog.setval('public.auth_permission_id_seq', 76, true);


--
-- Name: auth_user_groups_id_seq; Type: SEQUENCE SET; Schema: public; Owner: denimora
--

SELECT pg_catalog.setval('public.auth_user_groups_id_seq', 1, false);


--
-- Name: auth_user_id_seq; Type: SEQUENCE SET; Schema: public; Owner: denimora
--

SELECT pg_catalog.setval('public.auth_user_id_seq', 2, true);


--
-- Name: auth_user_user_permissions_id_seq; Type: SEQUENCE SET; Schema: public; Owner: denimora
--

SELECT pg_catalog.setval('public.auth_user_user_permissions_id_seq', 1, false);


--
-- Name: cart_cartreservation_id_seq; Type: SEQUENCE SET; Schema: public; Owner: denimora
--

SELECT pg_catalog.setval('public.cart_cartreservation_id_seq', 1, false);


--
-- Name: communications_contactmessage_id_seq; Type: SEQUENCE SET; Schema: public; Owner: denimora
--

SELECT pg_catalog.setval('public.communications_contactmessage_id_seq', 1, true);


--
-- Name: communications_emaillist_id_seq; Type: SEQUENCE SET; Schema: public; Owner: denimora
--

SELECT pg_catalog.setval('public.communications_emaillist_id_seq', 1, true);


--
-- Name: communications_emailsubscription_id_seq; Type: SEQUENCE SET; Schema: public; Owner: denimora
--

SELECT pg_catalog.setval('public.communications_emailsubscription_id_seq', 1, false);


--
-- Name: django_admin_log_id_seq; Type: SEQUENCE SET; Schema: public; Owner: denimora
--

SELECT pg_catalog.setval('public.django_admin_log_id_seq', 1, false);


--
-- Name: django_content_type_id_seq; Type: SEQUENCE SET; Schema: public; Owner: denimora
--

SELECT pg_catalog.setval('public.django_content_type_id_seq', 19, true);


--
-- Name: django_migrations_id_seq; Type: SEQUENCE SET; Schema: public; Owner: denimora
--

SELECT pg_catalog.setval('public.django_migrations_id_seq', 32, true);


--
-- Name: orders_governorateshipping_id_seq; Type: SEQUENCE SET; Schema: public; Owner: denimora
--

SELECT pg_catalog.setval('public.orders_governorateshipping_id_seq', 1, false);


--
-- Name: orders_order_id_seq; Type: SEQUENCE SET; Schema: public; Owner: denimora
--

SELECT pg_catalog.setval('public.orders_order_id_seq', 1, false);


--
-- Name: orders_orderitem_id_seq; Type: SEQUENCE SET; Schema: public; Owner: denimora
--

SELECT pg_catalog.setval('public.orders_orderitem_id_seq', 1, false);


--
-- Name: products_category_id_seq; Type: SEQUENCE SET; Schema: public; Owner: denimora
--

SELECT pg_catalog.setval('public.products_category_id_seq', 1, false);


--
-- Name: products_product_id_seq; Type: SEQUENCE SET; Schema: public; Owner: denimora
--

SELECT pg_catalog.setval('public.products_product_id_seq', 1, false);


--
-- Name: products_product_sizes_id_seq; Type: SEQUENCE SET; Schema: public; Owner: denimora
--

SELECT pg_catalog.setval('public.products_product_sizes_id_seq', 1, false);


--
-- Name: products_productimage_id_seq; Type: SEQUENCE SET; Schema: public; Owner: denimora
--

SELECT pg_catalog.setval('public.products_productimage_id_seq', 1, false);


--
-- Name: products_productsize_id_seq; Type: SEQUENCE SET; Schema: public; Owner: denimora
--

SELECT pg_catalog.setval('public.products_productsize_id_seq', 1, false);


--
-- Name: products_size_id_seq; Type: SEQUENCE SET; Schema: public; Owner: denimora
--

SELECT pg_catalog.setval('public.products_size_id_seq', 1, false);


--
-- Name: accounts_userprofile accounts_userprofile_pkey; Type: CONSTRAINT; Schema: public; Owner: denimora
--

ALTER TABLE ONLY public.accounts_userprofile
    ADD CONSTRAINT accounts_userprofile_pkey PRIMARY KEY (id);


--
-- Name: accounts_userprofile accounts_userprofile_user_id_key; Type: CONSTRAINT; Schema: public; Owner: denimora
--

ALTER TABLE ONLY public.accounts_userprofile
    ADD CONSTRAINT accounts_userprofile_user_id_key UNIQUE (user_id);


--
-- Name: auth_group auth_group_name_key; Type: CONSTRAINT; Schema: public; Owner: denimora
--

ALTER TABLE ONLY public.auth_group
    ADD CONSTRAINT auth_group_name_key UNIQUE (name);


--
-- Name: auth_group_permissions auth_group_permissions_group_id_permission_id_0cd325b0_uniq; Type: CONSTRAINT; Schema: public; Owner: denimora
--

ALTER TABLE ONLY public.auth_group_permissions
    ADD CONSTRAINT auth_group_permissions_group_id_permission_id_0cd325b0_uniq UNIQUE (group_id, permission_id);


--
-- Name: auth_group_permissions auth_group_permissions_pkey; Type: CONSTRAINT; Schema: public; Owner: denimora
--

ALTER TABLE ONLY public.auth_group_permissions
    ADD CONSTRAINT auth_group_permissions_pkey PRIMARY KEY (id);


--
-- Name: auth_group auth_group_pkey; Type: CONSTRAINT; Schema: public; Owner: denimora
--

ALTER TABLE ONLY public.auth_group
    ADD CONSTRAINT auth_group_pkey PRIMARY KEY (id);


--
-- Name: auth_permission auth_permission_content_type_id_codename_01ab375a_uniq; Type: CONSTRAINT; Schema: public; Owner: denimora
--

ALTER TABLE ONLY public.auth_permission
    ADD CONSTRAINT auth_permission_content_type_id_codename_01ab375a_uniq UNIQUE (content_type_id, codename);


--
-- Name: auth_permission auth_permission_pkey; Type: CONSTRAINT; Schema: public; Owner: denimora
--

ALTER TABLE ONLY public.auth_permission
    ADD CONSTRAINT auth_permission_pkey PRIMARY KEY (id);


--
-- Name: auth_user_groups auth_user_groups_pkey; Type: CONSTRAINT; Schema: public; Owner: denimora
--

ALTER TABLE ONLY public.auth_user_groups
    ADD CONSTRAINT auth_user_groups_pkey PRIMARY KEY (id);


--
-- Name: auth_user_groups auth_user_groups_user_id_group_id_94350c0c_uniq; Type: CONSTRAINT; Schema: public; Owner: denimora
--

ALTER TABLE ONLY public.auth_user_groups
    ADD CONSTRAINT auth_user_groups_user_id_group_id_94350c0c_uniq UNIQUE (user_id, group_id);


--
-- Name: auth_user auth_user_pkey; Type: CONSTRAINT; Schema: public; Owner: denimora
--

ALTER TABLE ONLY public.auth_user
    ADD CONSTRAINT auth_user_pkey PRIMARY KEY (id);


--
-- Name: auth_user_user_permissions auth_user_user_permissions_pkey; Type: CONSTRAINT; Schema: public; Owner: denimora
--

ALTER TABLE ONLY public.auth_user_user_permissions
    ADD CONSTRAINT auth_user_user_permissions_pkey PRIMARY KEY (id);


--
-- Name: auth_user_user_permissions auth_user_user_permissions_user_id_permission_id_14a6b632_uniq; Type: CONSTRAINT; Schema: public; Owner: denimora
--

ALTER TABLE ONLY public.auth_user_user_permissions
    ADD CONSTRAINT auth_user_user_permissions_user_id_permission_id_14a6b632_uniq UNIQUE (user_id, permission_id);


--
-- Name: auth_user auth_user_username_key; Type: CONSTRAINT; Schema: public; Owner: denimora
--

ALTER TABLE ONLY public.auth_user
    ADD CONSTRAINT auth_user_username_key UNIQUE (username);


--
-- Name: cart_cartreservation cart_cartreservation_pkey; Type: CONSTRAINT; Schema: public; Owner: denimora
--

ALTER TABLE ONLY public.cart_cartreservation
    ADD CONSTRAINT cart_cartreservation_pkey PRIMARY KEY (id);


--
-- Name: cart_cartreservation cart_cartreservation_session_id_product_id_si_41dd5b34_uniq; Type: CONSTRAINT; Schema: public; Owner: denimora
--

ALTER TABLE ONLY public.cart_cartreservation
    ADD CONSTRAINT cart_cartreservation_session_id_product_id_si_41dd5b34_uniq UNIQUE (session_id, product_id, size_id);


--
-- Name: communications_contactmessage communications_contactmessage_pkey; Type: CONSTRAINT; Schema: public; Owner: denimora
--

ALTER TABLE ONLY public.communications_contactmessage
    ADD CONSTRAINT communications_contactmessage_pkey PRIMARY KEY (id);


--
-- Name: communications_emaillist communications_emaillist_email_key; Type: CONSTRAINT; Schema: public; Owner: denimora
--

ALTER TABLE ONLY public.communications_emaillist
    ADD CONSTRAINT communications_emaillist_email_key UNIQUE (email);


--
-- Name: communications_emaillist communications_emaillist_pkey; Type: CONSTRAINT; Schema: public; Owner: denimora
--

ALTER TABLE ONLY public.communications_emaillist
    ADD CONSTRAINT communications_emaillist_pkey PRIMARY KEY (id);


--
-- Name: communications_emailsubscription communications_emailsubscription_email_key; Type: CONSTRAINT; Schema: public; Owner: denimora
--

ALTER TABLE ONLY public.communications_emailsubscription
    ADD CONSTRAINT communications_emailsubscription_email_key UNIQUE (email);


--
-- Name: communications_emailsubscription communications_emailsubscription_pkey; Type: CONSTRAINT; Schema: public; Owner: denimora
--

ALTER TABLE ONLY public.communications_emailsubscription
    ADD CONSTRAINT communications_emailsubscription_pkey PRIMARY KEY (id);


--
-- Name: django_admin_log django_admin_log_pkey; Type: CONSTRAINT; Schema: public; Owner: denimora
--

ALTER TABLE ONLY public.django_admin_log
    ADD CONSTRAINT django_admin_log_pkey PRIMARY KEY (id);


--
-- Name: django_content_type django_content_type_app_label_model_76bd3d3b_uniq; Type: CONSTRAINT; Schema: public; Owner: denimora
--

ALTER TABLE ONLY public.django_content_type
    ADD CONSTRAINT django_content_type_app_label_model_76bd3d3b_uniq UNIQUE (app_label, model);


--
-- Name: django_content_type django_content_type_pkey; Type: CONSTRAINT; Schema: public; Owner: denimora
--

ALTER TABLE ONLY public.django_content_type
    ADD CONSTRAINT django_content_type_pkey PRIMARY KEY (id);


--
-- Name: django_migrations django_migrations_pkey; Type: CONSTRAINT; Schema: public; Owner: denimora
--

ALTER TABLE ONLY public.django_migrations
    ADD CONSTRAINT django_migrations_pkey PRIMARY KEY (id);


--
-- Name: django_session django_session_pkey; Type: CONSTRAINT; Schema: public; Owner: denimora
--

ALTER TABLE ONLY public.django_session
    ADD CONSTRAINT django_session_pkey PRIMARY KEY (session_key);


--
-- Name: orders_governorateshipping orders_governorateshipping_name_key; Type: CONSTRAINT; Schema: public; Owner: denimora
--

ALTER TABLE ONLY public.orders_governorateshipping
    ADD CONSTRAINT orders_governorateshipping_name_key UNIQUE (name);


--
-- Name: orders_governorateshipping orders_governorateshipping_pkey; Type: CONSTRAINT; Schema: public; Owner: denimora
--

ALTER TABLE ONLY public.orders_governorateshipping
    ADD CONSTRAINT orders_governorateshipping_pkey PRIMARY KEY (id);


--
-- Name: orders_order orders_order_pkey; Type: CONSTRAINT; Schema: public; Owner: denimora
--

ALTER TABLE ONLY public.orders_order
    ADD CONSTRAINT orders_order_pkey PRIMARY KEY (id);


--
-- Name: orders_orderitem orders_orderitem_pkey; Type: CONSTRAINT; Schema: public; Owner: denimora
--

ALTER TABLE ONLY public.orders_orderitem
    ADD CONSTRAINT orders_orderitem_pkey PRIMARY KEY (id);


--
-- Name: products_category products_category_pkey; Type: CONSTRAINT; Schema: public; Owner: denimora
--

ALTER TABLE ONLY public.products_category
    ADD CONSTRAINT products_category_pkey PRIMARY KEY (id);


--
-- Name: products_category products_category_slug_key; Type: CONSTRAINT; Schema: public; Owner: denimora
--

ALTER TABLE ONLY public.products_category
    ADD CONSTRAINT products_category_slug_key UNIQUE (slug);


--
-- Name: products_product products_product_pkey; Type: CONSTRAINT; Schema: public; Owner: denimora
--

ALTER TABLE ONLY public.products_product
    ADD CONSTRAINT products_product_pkey PRIMARY KEY (id);


--
-- Name: products_product_sizes products_product_sizes_pkey; Type: CONSTRAINT; Schema: public; Owner: denimora
--

ALTER TABLE ONLY public.products_product_sizes
    ADD CONSTRAINT products_product_sizes_pkey PRIMARY KEY (id);


--
-- Name: products_product_sizes products_product_sizes_product_id_size_id_1c8c3d5d_uniq; Type: CONSTRAINT; Schema: public; Owner: denimora
--

ALTER TABLE ONLY public.products_product_sizes
    ADD CONSTRAINT products_product_sizes_product_id_size_id_1c8c3d5d_uniq UNIQUE (product_id, size_id);


--
-- Name: products_productimage products_productimage_pkey; Type: CONSTRAINT; Schema: public; Owner: denimora
--

ALTER TABLE ONLY public.products_productimage
    ADD CONSTRAINT products_productimage_pkey PRIMARY KEY (id);


--
-- Name: products_productsize products_productsize_pkey; Type: CONSTRAINT; Schema: public; Owner: denimora
--

ALTER TABLE ONLY public.products_productsize
    ADD CONSTRAINT products_productsize_pkey PRIMARY KEY (id);


--
-- Name: products_productsize products_productsize_product_id_size_id_9072b8ff_uniq; Type: CONSTRAINT; Schema: public; Owner: denimora
--

ALTER TABLE ONLY public.products_productsize
    ADD CONSTRAINT products_productsize_product_id_size_id_9072b8ff_uniq UNIQUE (product_id, size_id);


--
-- Name: products_size products_size_pkey; Type: CONSTRAINT; Schema: public; Owner: denimora
--

ALTER TABLE ONLY public.products_size
    ADD CONSTRAINT products_size_pkey PRIMARY KEY (id);


--
-- Name: auth_group_name_a6ea08ec_like; Type: INDEX; Schema: public; Owner: denimora
--

CREATE INDEX auth_group_name_a6ea08ec_like ON public.auth_group USING btree (name varchar_pattern_ops);


--
-- Name: auth_group_permissions_group_id_b120cbf9; Type: INDEX; Schema: public; Owner: denimora
--

CREATE INDEX auth_group_permissions_group_id_b120cbf9 ON public.auth_group_permissions USING btree (group_id);


--
-- Name: auth_group_permissions_permission_id_84c5c92e; Type: INDEX; Schema: public; Owner: denimora
--

CREATE INDEX auth_group_permissions_permission_id_84c5c92e ON public.auth_group_permissions USING btree (permission_id);


--
-- Name: auth_permission_content_type_id_2f476e4b; Type: INDEX; Schema: public; Owner: denimora
--

CREATE INDEX auth_permission_content_type_id_2f476e4b ON public.auth_permission USING btree (content_type_id);


--
-- Name: auth_user_groups_group_id_97559544; Type: INDEX; Schema: public; Owner: denimora
--

CREATE INDEX auth_user_groups_group_id_97559544 ON public.auth_user_groups USING btree (group_id);


--
-- Name: auth_user_groups_user_id_6a12ed8b; Type: INDEX; Schema: public; Owner: denimora
--

CREATE INDEX auth_user_groups_user_id_6a12ed8b ON public.auth_user_groups USING btree (user_id);


--
-- Name: auth_user_user_permissions_permission_id_1fbb5f2c; Type: INDEX; Schema: public; Owner: denimora
--

CREATE INDEX auth_user_user_permissions_permission_id_1fbb5f2c ON public.auth_user_user_permissions USING btree (permission_id);


--
-- Name: auth_user_user_permissions_user_id_a95ead1b; Type: INDEX; Schema: public; Owner: denimora
--

CREATE INDEX auth_user_user_permissions_user_id_a95ead1b ON public.auth_user_user_permissions USING btree (user_id);


--
-- Name: auth_user_username_6821ab7c_like; Type: INDEX; Schema: public; Owner: denimora
--

CREATE INDEX auth_user_username_6821ab7c_like ON public.auth_user USING btree (username varchar_pattern_ops);


--
-- Name: cart_cartre_expires_5222a0_idx; Type: INDEX; Schema: public; Owner: denimora
--

CREATE INDEX cart_cartre_expires_5222a0_idx ON public.cart_cartreservation USING btree (expires_at, is_active);


--
-- Name: cart_cartre_session_0dce91_idx; Type: INDEX; Schema: public; Owner: denimora
--

CREATE INDEX cart_cartre_session_0dce91_idx ON public.cart_cartreservation USING btree (session_id, is_active);


--
-- Name: cart_cartreservation_product_id_df7eae9e; Type: INDEX; Schema: public; Owner: denimora
--

CREATE INDEX cart_cartreservation_product_id_df7eae9e ON public.cart_cartreservation USING btree (product_id);


--
-- Name: cart_cartreservation_session_id_3c81f4de; Type: INDEX; Schema: public; Owner: denimora
--

CREATE INDEX cart_cartreservation_session_id_3c81f4de ON public.cart_cartreservation USING btree (session_id);


--
-- Name: cart_cartreservation_session_id_3c81f4de_like; Type: INDEX; Schema: public; Owner: denimora
--

CREATE INDEX cart_cartreservation_session_id_3c81f4de_like ON public.cart_cartreservation USING btree (session_id varchar_pattern_ops);


--
-- Name: cart_cartreservation_size_id_1711a552; Type: INDEX; Schema: public; Owner: denimora
--

CREATE INDEX cart_cartreservation_size_id_1711a552 ON public.cart_cartreservation USING btree (size_id);


--
-- Name: cart_cartreservation_user_id_85f0ba0a; Type: INDEX; Schema: public; Owner: denimora
--

CREATE INDEX cart_cartreservation_user_id_85f0ba0a ON public.cart_cartreservation USING btree (user_id);


--
-- Name: communications_contactmessage_user_id_d64689bf; Type: INDEX; Schema: public; Owner: denimora
--

CREATE INDEX communications_contactmessage_user_id_d64689bf ON public.communications_contactmessage USING btree (user_id);


--
-- Name: communications_emaillist_email_9fcdefff_like; Type: INDEX; Schema: public; Owner: denimora
--

CREATE INDEX communications_emaillist_email_9fcdefff_like ON public.communications_emaillist USING btree (email varchar_pattern_ops);


--
-- Name: communications_emaillist_user_id_a4cecb94; Type: INDEX; Schema: public; Owner: denimora
--

CREATE INDEX communications_emaillist_user_id_a4cecb94 ON public.communications_emaillist USING btree (user_id);


--
-- Name: communications_emailsubscription_email_526a69dc_like; Type: INDEX; Schema: public; Owner: denimora
--

CREATE INDEX communications_emailsubscription_email_526a69dc_like ON public.communications_emailsubscription USING btree (email varchar_pattern_ops);


--
-- Name: communications_emailsubscription_user_id_a9789749; Type: INDEX; Schema: public; Owner: denimora
--

CREATE INDEX communications_emailsubscription_user_id_a9789749 ON public.communications_emailsubscription USING btree (user_id);


--
-- Name: django_admin_log_content_type_id_c4bce8eb; Type: INDEX; Schema: public; Owner: denimora
--

CREATE INDEX django_admin_log_content_type_id_c4bce8eb ON public.django_admin_log USING btree (content_type_id);


--
-- Name: django_admin_log_user_id_c564eba6; Type: INDEX; Schema: public; Owner: denimora
--

CREATE INDEX django_admin_log_user_id_c564eba6 ON public.django_admin_log USING btree (user_id);


--
-- Name: django_session_expire_date_a5c62663; Type: INDEX; Schema: public; Owner: denimora
--

CREATE INDEX django_session_expire_date_a5c62663 ON public.django_session USING btree (expire_date);


--
-- Name: django_session_session_key_c0390e0f_like; Type: INDEX; Schema: public; Owner: denimora
--

CREATE INDEX django_session_session_key_c0390e0f_like ON public.django_session USING btree (session_key varchar_pattern_ops);


--
-- Name: orders_governorateshipping_name_106ae27a_like; Type: INDEX; Schema: public; Owner: denimora
--

CREATE INDEX orders_governorateshipping_name_106ae27a_like ON public.orders_governorateshipping USING btree (name varchar_pattern_ops);


--
-- Name: orders_order_user_id_e9b59eb1; Type: INDEX; Schema: public; Owner: denimora
--

CREATE INDEX orders_order_user_id_e9b59eb1 ON public.orders_order USING btree (user_id);


--
-- Name: orders_orderitem_order_id_fe61a34d; Type: INDEX; Schema: public; Owner: denimora
--

CREATE INDEX orders_orderitem_order_id_fe61a34d ON public.orders_orderitem USING btree (order_id);


--
-- Name: orders_orderitem_product_id_afe4254a; Type: INDEX; Schema: public; Owner: denimora
--

CREATE INDEX orders_orderitem_product_id_afe4254a ON public.orders_orderitem USING btree (product_id);


--
-- Name: products_ca_id_fecd0d_idx; Type: INDEX; Schema: public; Owner: denimora
--

CREATE INDEX products_ca_id_fecd0d_idx ON public.products_category USING btree (id, slug);


--
-- Name: products_category_slug_c558efae_like; Type: INDEX; Schema: public; Owner: denimora
--

CREATE INDEX products_category_slug_c558efae_like ON public.products_category USING btree (slug varchar_pattern_ops);


--
-- Name: products_pr_id_a08e3c_idx; Type: INDEX; Schema: public; Owner: denimora
--

CREATE INDEX products_pr_id_a08e3c_idx ON public.products_product USING btree (id, slug);


--
-- Name: products_product_category_id_9b594869; Type: INDEX; Schema: public; Owner: denimora
--

CREATE INDEX products_product_category_id_9b594869 ON public.products_product USING btree (category_id);


--
-- Name: products_product_sizes_product_id_7cf7aa08; Type: INDEX; Schema: public; Owner: denimora
--

CREATE INDEX products_product_sizes_product_id_7cf7aa08 ON public.products_product_sizes USING btree (product_id);


--
-- Name: products_product_sizes_size_id_e0cab160; Type: INDEX; Schema: public; Owner: denimora
--

CREATE INDEX products_product_sizes_size_id_e0cab160 ON public.products_product_sizes USING btree (size_id);


--
-- Name: products_product_slug_70d3148d; Type: INDEX; Schema: public; Owner: denimora
--

CREATE INDEX products_product_slug_70d3148d ON public.products_product USING btree (slug);


--
-- Name: products_product_slug_70d3148d_like; Type: INDEX; Schema: public; Owner: denimora
--

CREATE INDEX products_product_slug_70d3148d_like ON public.products_product USING btree (slug varchar_pattern_ops);


--
-- Name: products_productimage_product_id_e747596a; Type: INDEX; Schema: public; Owner: denimora
--

CREATE INDEX products_productimage_product_id_e747596a ON public.products_productimage USING btree (product_id);


--
-- Name: products_productsize_product_id_37863ebf; Type: INDEX; Schema: public; Owner: denimora
--

CREATE INDEX products_productsize_product_id_37863ebf ON public.products_productsize USING btree (product_id);


--
-- Name: products_productsize_size_id_a3330dc5; Type: INDEX; Schema: public; Owner: denimora
--

CREATE INDEX products_productsize_size_id_a3330dc5 ON public.products_productsize USING btree (size_id);


--
-- Name: accounts_userprofile accounts_userprofile_user_id_92240672_fk_auth_user_id; Type: FK CONSTRAINT; Schema: public; Owner: denimora
--

ALTER TABLE ONLY public.accounts_userprofile
    ADD CONSTRAINT accounts_userprofile_user_id_92240672_fk_auth_user_id FOREIGN KEY (user_id) REFERENCES public.auth_user(id) DEFERRABLE INITIALLY DEFERRED;


--
-- Name: auth_group_permissions auth_group_permissio_permission_id_84c5c92e_fk_auth_perm; Type: FK CONSTRAINT; Schema: public; Owner: denimora
--

ALTER TABLE ONLY public.auth_group_permissions
    ADD CONSTRAINT auth_group_permissio_permission_id_84c5c92e_fk_auth_perm FOREIGN KEY (permission_id) REFERENCES public.auth_permission(id) DEFERRABLE INITIALLY DEFERRED;


--
-- Name: auth_group_permissions auth_group_permissions_group_id_b120cbf9_fk_auth_group_id; Type: FK CONSTRAINT; Schema: public; Owner: denimora
--

ALTER TABLE ONLY public.auth_group_permissions
    ADD CONSTRAINT auth_group_permissions_group_id_b120cbf9_fk_auth_group_id FOREIGN KEY (group_id) REFERENCES public.auth_group(id) DEFERRABLE INITIALLY DEFERRED;


--
-- Name: auth_permission auth_permission_content_type_id_2f476e4b_fk_django_co; Type: FK CONSTRAINT; Schema: public; Owner: denimora
--

ALTER TABLE ONLY public.auth_permission
    ADD CONSTRAINT auth_permission_content_type_id_2f476e4b_fk_django_co FOREIGN KEY (content_type_id) REFERENCES public.django_content_type(id) DEFERRABLE INITIALLY DEFERRED;


--
-- Name: auth_user_groups auth_user_groups_group_id_97559544_fk_auth_group_id; Type: FK CONSTRAINT; Schema: public; Owner: denimora
--

ALTER TABLE ONLY public.auth_user_groups
    ADD CONSTRAINT auth_user_groups_group_id_97559544_fk_auth_group_id FOREIGN KEY (group_id) REFERENCES public.auth_group(id) DEFERRABLE INITIALLY DEFERRED;


--
-- Name: auth_user_groups auth_user_groups_user_id_6a12ed8b_fk_auth_user_id; Type: FK CONSTRAINT; Schema: public; Owner: denimora
--

ALTER TABLE ONLY public.auth_user_groups
    ADD CONSTRAINT auth_user_groups_user_id_6a12ed8b_fk_auth_user_id FOREIGN KEY (user_id) REFERENCES public.auth_user(id) DEFERRABLE INITIALLY DEFERRED;


--
-- Name: auth_user_user_permissions auth_user_user_permi_permission_id_1fbb5f2c_fk_auth_perm; Type: FK CONSTRAINT; Schema: public; Owner: denimora
--

ALTER TABLE ONLY public.auth_user_user_permissions
    ADD CONSTRAINT auth_user_user_permi_permission_id_1fbb5f2c_fk_auth_perm FOREIGN KEY (permission_id) REFERENCES public.auth_permission(id) DEFERRABLE INITIALLY DEFERRED;


--
-- Name: auth_user_user_permissions auth_user_user_permissions_user_id_a95ead1b_fk_auth_user_id; Type: FK CONSTRAINT; Schema: public; Owner: denimora
--

ALTER TABLE ONLY public.auth_user_user_permissions
    ADD CONSTRAINT auth_user_user_permissions_user_id_a95ead1b_fk_auth_user_id FOREIGN KEY (user_id) REFERENCES public.auth_user(id) DEFERRABLE INITIALLY DEFERRED;


--
-- Name: cart_cartreservation cart_cartreservation_product_id_df7eae9e_fk_products_product_id; Type: FK CONSTRAINT; Schema: public; Owner: denimora
--

ALTER TABLE ONLY public.cart_cartreservation
    ADD CONSTRAINT cart_cartreservation_product_id_df7eae9e_fk_products_product_id FOREIGN KEY (product_id) REFERENCES public.products_product(id) DEFERRABLE INITIALLY DEFERRED;


--
-- Name: cart_cartreservation cart_cartreservation_size_id_1711a552_fk_products_size_id; Type: FK CONSTRAINT; Schema: public; Owner: denimora
--

ALTER TABLE ONLY public.cart_cartreservation
    ADD CONSTRAINT cart_cartreservation_size_id_1711a552_fk_products_size_id FOREIGN KEY (size_id) REFERENCES public.products_size(id) DEFERRABLE INITIALLY DEFERRED;


--
-- Name: cart_cartreservation cart_cartreservation_user_id_85f0ba0a_fk_auth_user_id; Type: FK CONSTRAINT; Schema: public; Owner: denimora
--

ALTER TABLE ONLY public.cart_cartreservation
    ADD CONSTRAINT cart_cartreservation_user_id_85f0ba0a_fk_auth_user_id FOREIGN KEY (user_id) REFERENCES public.auth_user(id) DEFERRABLE INITIALLY DEFERRED;


--
-- Name: communications_contactmessage communications_contactmessage_user_id_d64689bf_fk_auth_user_id; Type: FK CONSTRAINT; Schema: public; Owner: denimora
--

ALTER TABLE ONLY public.communications_contactmessage
    ADD CONSTRAINT communications_contactmessage_user_id_d64689bf_fk_auth_user_id FOREIGN KEY (user_id) REFERENCES public.auth_user(id) DEFERRABLE INITIALLY DEFERRED;


--
-- Name: communications_emailsubscription communications_email_user_id_a9789749_fk_auth_user; Type: FK CONSTRAINT; Schema: public; Owner: denimora
--

ALTER TABLE ONLY public.communications_emailsubscription
    ADD CONSTRAINT communications_email_user_id_a9789749_fk_auth_user FOREIGN KEY (user_id) REFERENCES public.auth_user(id) DEFERRABLE INITIALLY DEFERRED;


--
-- Name: communications_emaillist communications_emaillist_user_id_a4cecb94_fk_auth_user_id; Type: FK CONSTRAINT; Schema: public; Owner: denimora
--

ALTER TABLE ONLY public.communications_emaillist
    ADD CONSTRAINT communications_emaillist_user_id_a4cecb94_fk_auth_user_id FOREIGN KEY (user_id) REFERENCES public.auth_user(id) DEFERRABLE INITIALLY DEFERRED;


--
-- Name: django_admin_log django_admin_log_content_type_id_c4bce8eb_fk_django_co; Type: FK CONSTRAINT; Schema: public; Owner: denimora
--

ALTER TABLE ONLY public.django_admin_log
    ADD CONSTRAINT django_admin_log_content_type_id_c4bce8eb_fk_django_co FOREIGN KEY (content_type_id) REFERENCES public.django_content_type(id) DEFERRABLE INITIALLY DEFERRED;


--
-- Name: django_admin_log django_admin_log_user_id_c564eba6_fk_auth_user_id; Type: FK CONSTRAINT; Schema: public; Owner: denimora
--

ALTER TABLE ONLY public.django_admin_log
    ADD CONSTRAINT django_admin_log_user_id_c564eba6_fk_auth_user_id FOREIGN KEY (user_id) REFERENCES public.auth_user(id) DEFERRABLE INITIALLY DEFERRED;


--
-- Name: orders_order orders_order_user_id_e9b59eb1_fk_auth_user_id; Type: FK CONSTRAINT; Schema: public; Owner: denimora
--

ALTER TABLE ONLY public.orders_order
    ADD CONSTRAINT orders_order_user_id_e9b59eb1_fk_auth_user_id FOREIGN KEY (user_id) REFERENCES public.auth_user(id) DEFERRABLE INITIALLY DEFERRED;


--
-- Name: orders_orderitem orders_orderitem_order_id_fe61a34d_fk_orders_order_id; Type: FK CONSTRAINT; Schema: public; Owner: denimora
--

ALTER TABLE ONLY public.orders_orderitem
    ADD CONSTRAINT orders_orderitem_order_id_fe61a34d_fk_orders_order_id FOREIGN KEY (order_id) REFERENCES public.orders_order(id) DEFERRABLE INITIALLY DEFERRED;


--
-- Name: orders_orderitem orders_orderitem_product_id_afe4254a_fk_products_product_id; Type: FK CONSTRAINT; Schema: public; Owner: denimora
--

ALTER TABLE ONLY public.orders_orderitem
    ADD CONSTRAINT orders_orderitem_product_id_afe4254a_fk_products_product_id FOREIGN KEY (product_id) REFERENCES public.products_product(id) DEFERRABLE INITIALLY DEFERRED;


--
-- Name: products_product products_product_category_id_9b594869_fk_products_category_id; Type: FK CONSTRAINT; Schema: public; Owner: denimora
--

ALTER TABLE ONLY public.products_product
    ADD CONSTRAINT products_product_category_id_9b594869_fk_products_category_id FOREIGN KEY (category_id) REFERENCES public.products_category(id) DEFERRABLE INITIALLY DEFERRED;


--
-- Name: products_product_sizes products_product_siz_product_id_7cf7aa08_fk_products_; Type: FK CONSTRAINT; Schema: public; Owner: denimora
--

ALTER TABLE ONLY public.products_product_sizes
    ADD CONSTRAINT products_product_siz_product_id_7cf7aa08_fk_products_ FOREIGN KEY (product_id) REFERENCES public.products_product(id) DEFERRABLE INITIALLY DEFERRED;


--
-- Name: products_product_sizes products_product_sizes_size_id_e0cab160_fk_products_size_id; Type: FK CONSTRAINT; Schema: public; Owner: denimora
--

ALTER TABLE ONLY public.products_product_sizes
    ADD CONSTRAINT products_product_sizes_size_id_e0cab160_fk_products_size_id FOREIGN KEY (size_id) REFERENCES public.products_size(id) DEFERRABLE INITIALLY DEFERRED;


--
-- Name: products_productimage products_productimag_product_id_e747596a_fk_products_; Type: FK CONSTRAINT; Schema: public; Owner: denimora
--

ALTER TABLE ONLY public.products_productimage
    ADD CONSTRAINT products_productimag_product_id_e747596a_fk_products_ FOREIGN KEY (product_id) REFERENCES public.products_product(id) DEFERRABLE INITIALLY DEFERRED;


--
-- Name: products_productsize products_productsize_product_id_37863ebf_fk_products_product_id; Type: FK CONSTRAINT; Schema: public; Owner: denimora
--

ALTER TABLE ONLY public.products_productsize
    ADD CONSTRAINT products_productsize_product_id_37863ebf_fk_products_product_id FOREIGN KEY (product_id) REFERENCES public.products_product(id) DEFERRABLE INITIALLY DEFERRED;


--
-- Name: products_productsize products_productsize_size_id_a3330dc5_fk_products_size_id; Type: FK CONSTRAINT; Schema: public; Owner: denimora
--

ALTER TABLE ONLY public.products_productsize
    ADD CONSTRAINT products_productsize_size_id_a3330dc5_fk_products_size_id FOREIGN KEY (size_id) REFERENCES public.products_size(id) DEFERRABLE INITIALLY DEFERRED;


--
-- PostgreSQL database dump complete
--

